{"('0', '2', '0000')": [28911531.798456732, 17276859.68465262, 22494953.354429822, 7852944.213695804], "('0', '2', '0001')": [31062978.51736597, 18441231.49913959, 23041314.45521954, -18209.30624027691], "('0', '2', '0010')": [26710917.63311113, 18506241.72459168, -11361.51282838707, 16551490.357490823], "('0', '2', '0011')": [5545674.15319583, 0, 0, 0], "('0', '2', '0100')": [21495045.317393094, -44173.38614521361, 34722619.63496619, 20389000.71752925], "('0', '2', '0101')": [23115570.17558849, -4900.99501, 7158413.806419508, -1000.0], "('0', '2', '0110')": [0, 0, 0, 14417176.04162577], "('0', '2', '0111')": [5020427.0994785465, 0, 0, 0], "('0', '2', '1000')": [-8648.275251635909, 18104987.56598938, 28671408.517385088, 12505264.73629646], "('0', '2', '1001')": [-1000.0, 7094882.072517014, 0, -1000.0], "('0', '2', '1010')": [-1000.0, 0, 0, 0], "('0', '2', '1011')": [0, 0, 0, 0], "('0', '2', '1100')": [-1000.0, -1000.0, 8809838.579333557, 0], "('0', '2', '1101')": [-1000.0, -1000.0, 7105522.74626555, 0], "('0', '2', '1110')": [0, 0, 0, 0], "('0', '2', '1111')": [0, 0, 0, 0], "('0', '3', '0000')": [15735294.342584848, 13366527.819075689, 11708471.551508322, 22730532.600881338], "('0', '3', '0001')": [27993439.99162189, 13233850.80160016, 13805663.736199327, -8648.275251635909], "('0', '3', '0010')": [32431291.02688639, 17362116.088916056, -16548.623854991238, 16497185.254664147], "('0', '3', '0011')": [6526617.7519037565, -29.700999999999997, -1000.0, 0], "('0', '3', '0100')": [20979181.777781386, -49001.42537504344, 15717081.082895407, 41772547.18805771], "('0', '3', '0101')": [19028835.09252707, -1000.0, 5619153.922544835, 0], "('0', '3', '0110')": [897622.6445758934, 0, -1000.0, 28006130.304624762], "('0', '3', '0111')": [0, 0, 0, 0], "('0', '3', '1000')": [-5851.985059899999, 10276731.399999686, 15565604.495569853, 34037297.02587347], "('0', '3', '1001')": [-1000.0, 0, 3810313.895269111, 0], "('0', '3', '1010')": [-1990.0, -19.9, -1000.0, 6802032.694067885], "('0', '3', '1011')": [0, 0, 0, 0], "('0', '3', '1100')": [-1000.0, -1990.0, 10041648.889167206, 0], "('0', '3', '1101')": [0, 0, 0, 0], "('0', '3', '1110')": [0, 0, 0, 0], "('0', '3', '1111')": [0, 0, 0, 0], "('0', 'NA', '0000')": [3680643.673411321, 0, 0, 22554335.975114074], "('0', 'NA', '0001')": [55640070.645201415, 8810792.394056138, 11068112.028676583, -2970.1], "('0', 'NA', '0010')": [65623367.68805901, 8346674.416454234, -3940.399, 20409568.354474485], "('0', 'NA', '0011')": [4251382.323693185, 0, 0, 0], "('0', 'NA', '0100')": [66300848.98738786, -19027.213177874142, 15138644.886559892, 18895649.77011017], "('0', 'NA', '0101')": [8516331.667998953, -1000.0, 0, 0], "('0', 'NA', '0110')": [21818838.739614923, 0, 0, 0], "('0', 'NA', '0111')": [0, 0, 0, 0], "('0', 'NA', '1000')": [-1000.0, 12946.349079966127, 18465656.1862454, 12440798.562262328], "('0', 'NA', '1001')": [-1000.0, 3677116.459696856, 0, 0], "('0', 'NA', '1010')": [0, 0, 0, 0], "('0', 'NA', '1011')": [0, 0, 0, 0], "('0', 'NA', '1100')": [0, 0, 0, 0], "('0', 'NA', '1101')": [0, 0, 0, 0], "('0', 'NA', '1110')": [0, 0, 0, 0], "('0', 'NA', '1111')": [0, 0, 0, 0], "('1', '2', '0000')": [13151645.334723495, 17676142.432863194, 26259178.604183495, 16202200.338669604], "('1', '2', '0001')": [27736201.51703245, 22729462.091731325, 23894352.48372497, -46909.44570448866], "('1', '2', '0010')": [29064533.000160865, 20490361.919684682, -8648.275251635909, 14355380.038860077], "('1', '2', '0011')": [22321279.918517694, 0, 0, 0], "('1', '2', '0100')": [22899790.285311047, -30358.678195042627, 29882077.89208634, 22756728.308967665], "('1', '2', '0101')": [12251280.25295197, 0, 28756862.32216243, -3940.399], "('1', '2', '0110')": [15521417.220441239, -1000.0, 0, 0], "('1', '2', '0111')": [0, 0, 0, 0], "('1', '2', '1000')": [-22995.68541948447, 16974882.007615037, 26482747.752605636, 16863906.118949775], "('1', '2', '1001')": [-3940.399, 20959142.164642036, 0, -2970.1], "('1', '2', '1010')": [-1000.0, 15633105.668213138, 0, 0], "('1', '2', '1011')": [0, 0, 0, 0], "('1', '2', '1100')": [-1990.0, -1000.0, 13915294.262541352, 0], "('1', '2', '1101')": [-1000.0, -1000.0, 23750024.147271674, 0], "('1', '2', '1110')": [0, 0, 0, 0], "('1', '2', '1111')": [0, 0, 0, 0], "('1', '3', '0000')": [25182467.74278252, 35598633.78101204, 8739508.228696918, 19204863.390865937], "('1', '3', '0001')": [26511739.670800123, 4040277.1000077734, 7908697.029380424, -9561.792499119549], "('1', '3', '0010')": [26176311.929383297, 29228859.408004373, -57866.57778452316, 24230640.661556937], "('1', '3', '0011')": [8950518.403142855, 0, 0, 0], "('1', '3', '0100')": [15758930.85990836, -26029.962661171958, 12663685.081224602, 29249047.22889048], "('1', '3', '0101')": [12391785.90569881, -1000.0, 1300815.1172165826, -1000.0], "('1', '3', '0110')": [-19.9, -2970.1, -1000.0, 24430063.32698616], "('1', '3', '0111')": [0, 0, 0, 0], "('1', '3', '1000')": [-13994.164535871147, 13477065.327901918, 13313715.753138797, 30406840.807125516], "('1', '3', '1001')": [-1000.0, 7583919.438733318, 0, -1000.0], "('1', '3', '1010')": [-3940.399, 29437911.4417016, -6793.465209300999, 2769133.6543551427], "('1', '3', '1011')": [0, 0, 0, 0], "('1', '3', '1100')": [-2970.1, -1000.0, 0, 25792505.021595243], "('1', '3', '1101')": [0, 0, 0, 0], "('1', '3', '1110')": [-1000.0, -1000.0, -1000.0, 5772976.019583556], "('1', '3', '1111')": [0, 0, 0, 0], "('1', 'NA', '0000')": [7812557.08726214, 1073092.03681828, 1693124.5915360318, 23379083.940302953], "('1', 'NA', '0001')": [17628498.31207534, 53897021.8249574, 15288045.076702679, -11361.51282838707], "('1', 'NA', '0010')": [16406035.833761146, 51354208.017374516, -6793.465209300999, 9296435.565913906], "('1', 'NA', '0011')": [8066.016362813401, 27778642.862341948, 0, 0], "('1', 'NA', '0100')": [1094112.1680793562, -1990.0, 3288978.9126166604, 18906657.35323023], "('1', 'NA', '0101')": [842906.7410312551, -1000.0, 0, 0], "('1', 'NA', '0110')": [650478.4488040232, 0, 0, 0], "('1', 'NA', '0111')": [114159.01416037537, 0, 0, 0], "('1', 'NA', '1000')": [-62653.571954573046, 46587044.94453163, 18270118.44594452, 19669878.986217413], "('1', 'NA', '1001')": [-3940.399, 38427804.48789303, 1268329.909484194, 0], "('1', 'NA', '1010')": [-1990.0, 43347337.272250585, -1990.0, 5828359.010489794], "('1', 'NA', '1011')": [-1000.0, 0, 0, 0], "('1', 'NA', '1100')": [0, 0, 0, 0], "('1', 'NA', '1101')": [-1000.0, -1000.0, 201718.9684183982, 0], "('1', 'NA', '1110')": [0, 0, 0, 0], "('1', 'NA', '1111')": [0, 0, 0, 0], "('NA', '2', '0000')": [25816695.525715556, 0, 515232.41275844997, 0], "('NA', '2', '0001')": [26638841.018054605, 22410828.139950782, 40038470.13436347, -31055.0914130922], "('NA', '2', '0010')": [24793284.58428623, 2710420.8678404866, -1000.0, 0], "('NA', '2', '0011')": [0, 0, 0, 0], "('NA', '2', '0100')": [17134075.15233838, -8648.275251635909, 45209503.71745923, 10855945.73361331], "('NA', '2', '0101')": [16457973.753909864, -1000.0, 0, 0], "('NA', '2', '0110')": [7934135.687165729, 0, 0, 0], "('NA', '2', '0111')": [0, 0, 0, 0], "('NA', '2', '1000')": [-4900.99501, 19642326.07879155, 40768143.61610299, 0], "('NA', '2', '1001')": [-1000.0, 18736811.142866172, 0, -1000.0], "('NA', '2', '1010')": [-1000.0, 0, 0, 0], "('NA', '2', '1011')": [0, 0, 0, 0], "('NA', '2', '1100')": [-1000.0, -1000.0, 12770597.939778622, 0], "('NA', '2', '1101')": [0, 0, 0, 0], "('NA', '2', '1110')": [0, 0, 0, 0], "('NA', '2', '1111')": [0, 0, 0, 0], "('NA', '3', '0000')": [22812062.121316217, 0, 0, 0], "('NA', '3', '0001')": [19785028.056403223, 2186464.014946065, 3717726.1513122222, -1000.0], "('NA', '3', '0010')": [24290634.54756088, 21915655.575405974, -12247.8977001032, 58349084.43902126], "('NA', '3', '0011')": [0, 0, 0, 0], "('NA', '3', '0100')": [19152414.234965887, -4900.99501, 17132225.925725456, 50682451.57428117], "('NA', '3', '0101')": [20506881.593536552, 0, 0, -1000.0], "('NA', '3', '0110')": [-29.700999999999997, -1000.0, -1000.0, 0],