{"('0', '2', '0000')": [9685434.59233892, 9872404.250275766, 28829197.422552545, 11104515.855934763], "('0', '2', '0001')": [7058248.977525754, 9318598.715541938, 15725643.038628288, -63123.54132654254], "('0', '2', '0010')": [6225200.286286959, 10955003.983893981, -81606.68625430025, 5929922.906467021], "('0', '2', '0011')": [11192851.282344751, 0, 0, -10000.0], "('0', '2', '0100')": [21134164.898772743, -75582.88487874421, 6577481.220492357, 7318155.696014738], "('0', '2', '0101')": [10179375.535154011, -27100.663389999998, 10741929.395469822, -7000.0], "('0', '2', '0110')": [12075127.33527536, 0, 0, 0], "('0', '2', '0111')": [11781560.734404901, 0, 0, 0], "('0', '2', '1000')": [-40360.567454677, 6623648.715136128, 11975901.697226416, 6148049.310493945], "('0', '2', '1001')": [-0.7, -9.667481859733553e-10, 11335554.384929936, 0], "('0', '2', '1010')": [-0.9099999999999999, -1.2227117014064446, -0.9099999999999999, 10198463.114276145], "('0', '2', '1011')": [-1000.693, 4908581.552458703, -1000.693, -1000.693], "('0', '2', '1100')": [-0.7, -0.7, 12098458.024984669, 0], "('0', '2', '1101')": [-0.7, -0.7, 12476369.918628069, 0], "('0', '2', '1110')": [-1000.693, -1000.693, -1000.693, 9192035.410461852], "('0', '2', '1111')": [-3941.0714172069997, -3941.0714172069997, -4900.99501, -4900.99501], "('0', '3', '0000')": [11852477.75921446, 11528233.770102238, 10770136.089143008, 28727314.27875984], "('0', '3', '0001')": [22025650.748093836, 5432592.919684756, 6937884.344552877, -45633.745291732295], "('0', '3', '0010')": [15735832.73104677, 7703880.769624652, -75216.03376647737, 19451570.351770304], "('0', '3', '0011')": [12862181.152918894, 0, 0, -0.7], "('0', '3', '0100')": [15850019.980582511, -77578.29227818019, 13927403.238603376, 17355139.95950784], "('0', '3', '0101')": [14009829.83008376, 0, 0, 0], "('0', '3', '0110')": [16602041.564315427, -0.7, -7000.0, 4025254.0611878005], "('0', '3', '0111')": [14350289.51866783, 0, 0, 0], "('0', '3', '1000')": [-75336.473932273, 5435964.300569589, 8887339.048891645, 4872042.141972342], "('0', '3', '1001')": [-0.7, -0.8695174083729091, 13268790.506367289, -0.7], "('0', '3', '1010')": [-0.7, 526902.7499185391, -0.7, 7917836.341344376], "('0', '3', '1011')": [-0.7, 6465474.163984635, -1000.0, -1000.0], "('0', '3', '1100')": [-0.7, -0.7, -2.2204460706678137e-16, 8595832.037904873], "('0', '3', '1101')": [-1000.693, -1000.693, 3106528.4699636297, -1000.0], "('0', '3', '1110')": [-0.7, -0.7, -0.7, 11450539.633992635], "('0', '3', '1111')": [-1990.68607, -2970.1, -1990.0, -1990.0], "('0', 'NA', '0000')": [32902993.066770505, 0, 0, 0], "('0', 'NA', '0001')": [34369912.22668146, 359274.29156520375, 569671.6377032083, -1000.693], "('0', 'NA', '0010')": [34217442.5944034, 8427064.146939723, -38982.837781, 8151817.825832325], "('0', 'NA', '0011')": [36017078.5953362, 0, 0, 0], "('0', 'NA', '0100')": [37292228.31449171, -44797.377202512405, 14413826.457617752, 11648739.206719417], "('0', 'NA', '0101')": [46198694.83836531, 0, 0, -10000.0], "('0', 'NA', '0110')": [28532960.571668502, 0, 0, 0], "('0', 'NA', '0111')": [29239747.53474296, 0, 0, 0], "('0', 'NA', '1000')": [-0.7, -1.0, 10706509.816996701, -8.330625691192298e-06], "('0', 'NA', '1001')": [-1000.9009, -0.9730000005794498, 11283943.072885023, -1000.693], "('0', 'NA', '1010')": [-1000.96327, -1.3499961641126579, -1000.9009, 7432760.575516201], "('0', 'NA', '1011')": [-1000.0, 6814502.880113646, 0, 0], "('0', 'NA', '1100')": [-1000.0, -1000.0, 5581119.583279879, 0], "('0', 'NA', '1101')": [-1000.693, -1000.0, 9811622.29057998, -1000.0], "('0', 'NA', '1110')": [-1000.693, -1000.693, -1000.693, 8215525.811078475], "('0', 'NA', '1111')": [-1000.0, 0, 0, 0], "('1', '2', '0000')": [8002972.772919425, 8054530.405162945, 10976223.074059986, 1359148.6130062614], "('1', '2', '0001')": [6581067.539873997, 40597129.49156841, 12503171.162879435, -59461.42531492545], "('1', '2', '0010')": [6535028.804020096, 13924122.006743813, -57271.26671248627, 8708346.545104735], "('1', '2', '0011')": [1491775.064780285, 6929176.997757382, -7000.0, 0], "('1', '2', '0100')": [5060719.388782428, -77511.19780359708, 1308887.7624945326, 12867362.085440096], "('1', '2', '0101')": [-0.9099999999999999, -0.9099999999999999, 8951118.489877814, 0], "('1', '2', '0110')": [-1.3785, -1000.96327, -1000.9009, 5608900.955979371], "('1', '2', '0111')": [7941363.649850167, -0.9099999999999999, -1000.693, -1000.693], "('1', '2', '1000')": [-87534.7845784987, 21630922.19991577, 11962829.183112146, 7764907.4987390265], "('1', '2', '1001')": [-19000.567, 11166274.598852474, 0, 0], "('1', '2', '1010')": [-0.7, 13431589.632584961, 0, 0], "('1', '2', '1011')": [-0.7, 7105678.008836617, 0, 0], "('1', '2', '1100')": [-0.7, -0.7, 9023102.806953175, -3.426966868495004e-16], "('1', '2', '1101')": [-0.7, -0.7, 10285555.463879455, 0], "('1', '2', '1110')": [-0.7, -0.7, -1000.0, 6807135.884582663], "('1', '2', '1111')": [-1000.0, -1000.0, 0, 0], "('1', '3', '0000')": [1849257.806517289, 10351926.020014077, 10720580.46314673, 4769252.588718093], "('1', '3', '0001')": [4123665.6733863256, 12835454.774962988, 3541164.530325163, -52998.40580129259], "('1', '3', '0010')": [918666.4985165851, 11456759.23113126, -48420.411576251594, 874378.7843240314], "('1', '3', '0011')": [-0.973, 10351367.040099086, 0, 0], "('1', '3', '0100')": [4121223.970023385, -10000.819, 1873047.3513247385, 10827665.995828059], "('1', '3', '0101')": [-0.9099999999999999, -0.7, 10891141.859934716, 0], "('1', '3', '0110')": [-0.9099999999999999, -0.7, -0.7, 9033628.813591093], "('1', '3', '0111')": [10360870.434414607, -0.7, -0.7, -1000.0], "('1', '3', '1000')": [-71043.29322736089, 13685069.567498848, 11574891.505566996, 7857209.510939521], "('1', '3', '1001')": [-0.7, 10693826.130132096, 0, 0], "('1', '3', '1010')": [-0.7, 10580101.770539641, -7000.21, 0], "('1', '3', '1011')": [-0.7, 20773622.606725294, 0, 0], "('1', '3', '1100')": [-0.7, -0.7, -2.220446049250313e-16, 19923050.476678576], "('1', '3', '1101')": [-0.7, -0.7, 14776181.04524272, -0.7], "('1', '3', '1110')": [-0.7, -0.7, -0.7, 10989041.128553977], "('1', '3', '1111')": [-1990.68607, -1990.68607, -2970.1, -1990.0], "('1', 'NA', '0000')": [0.5384615384615384, 0, 0, 8493908.927137485], "('1', 'NA', '0001')": [10198189.046707708, 1588246.291723195, 2257254.759069725, -19000.0], "('1', 'NA', '0010')": [20190064.131944068, 1612735.5797671003, -10000.819, 854058.6317089678], "('1', 'NA', '0011')": [-0.9919, 21881096.37171542, 0, 0], "('1', 'NA', '0100')": [1940682.3972517974, -10000.63, 21069739.0179295, 1460374.0175078178], "('1', 'NA', '0101')": [-0.9730000000763279, -0.7, 11610498.533515822, 0], "('1', 'NA', '0110')": [-0.9099999999999999, -0.7, -0.7, 6540235.424150758], "('1', 'NA', '0111')": [-0.973, -1000.0, -1000.0, -1000.0], "('1', 'NA', '1000')": [-18927.1072722853, 1626018.8665849373, 25936467.86568908, 1464444.5922479471], "('1', 'NA', '1001')": [-0.7, 23461490.70939096, 0, -7000.0], "('1', 'NA', '1010')": [-0.7, 23764650.563701496, 0, 0], "('1', 'NA', '1011')": [-0.7, 23684475.337844953, 0, 0], "('1', 'NA', '1100')": [-0.7, -10000.0, 21084516.058321625, 0], "('1', 'NA', '1101')": [-0.7, -0.7, 21588452.72146576, -0.7], "('1', 'NA', '1110')": [-0.7, -0.7, -1000.0, 7653702.067113986], "('1', 'NA', '1111')": [-1000.0, -1000.0, -1000.0, 0], "('NA', '2', '0000')": [-3.1386645559999522e-12, -2.2204460492502566e-16, 17565717.600579895, 0], "('NA', '2', '0001')": [10078596.793373026, 9976862.481792703, 47414595.7448078, -80120.51687000207], "('NA', '2', '0010')": [8381683.466330628, -0.002812640917494705, -0.9099999999999999, -0.9999999999999993], "('NA', '2', '0011')": [-1.4112807692307694, 8805143.961392134, -1000.693, -1000.0], "('NA', '2', '0100')": [7348071.209030789, -7000.2997813, 44210965.3882736, 3985106.659723067], "('NA', '2', '0101')": [5605844.567509353, -1000.693, 1.9999999999999996, 0], "('NA', '2', '0110')": [-1.0, -0.7, -1000.0, 5752177.4520609835],