{"('0', '2', '0000')": [-2.220446049250313e-16, -2.220446049250313e-16, 1.9999999999999996, -2.220446049250313e-16], "('0', '2', '0001')": [1.9999999999999996, -2.220446049250313e-16, 1.9999999999999996, -0.9999998405677], "('0', '2', '0010')": [1.9999999999999996, -2.220446049250313e-16, -0.9919, -2.220446049250313e-16], "('0', '2', '0011')": [1.999955986669399, 0, 0, 0], "('0', '2', '0100')": [1.9999999999999996, -1.0, 1.9999999999999996, -2.220446049250313e-16], "('0', '2', '0101')": [1.9107509538636154, -0.9099999999999999, 1.9999999999999996, 0], "('0', '2', '0110')": [1.9999999999999996, 0, 0, 0], "('0', '2', '0111')": [1.9999999999999996, 0, 0, 0], "('0', '2', '1000')": [-0.973, -2.2204460492506533e-16, 1.9999999999999996, -2.220446313331026e-16], "('0', '2', '1001')": [-0.7, -9.667481859733553e-10, 1.9953592185998956, 0], "('0', '2', '1010')": [-0.9099999999999999, -1.2227117014064446, -0.9099999999999999, -0.8631175000005098], "('0', '2', '1011')": [-0.7, -1.3024380441607377, -0.7, -0.7], "('0', '2', '1100')": [-0.7, -0.7, 1.9999999885312274, 0], "('0', '2', '1101')": [-0.7, -0.7, 1.9999999999993658, 0], "('0', '2', '1110')": [-0.7, -0.7, -0.7, -1.155], "('0', '2', '1111')": [-0.7, -0.7, 0, 0], "('0', '3', '0000')": [5.646370283570769e-13, -2.220446049250313e-16, -2.2204460492765545e-16, 1.9999999999999996], "('0', '3', '0001')": [1.9999999999999996, -2.220446049250125e-16, -2.220446049250313e-16, -0.9099999999999999], "('0', '3', '0010')": [1.9999999999999996, -2.220446049250313e-16, -0.9999999998837739, 1.9999999999999996], "('0', '3', '0011')": [1.9038639427327246, 0, 0, -0.7], "('0', '3', '0100')": [1.9999999999999996, -0.9999999999999993, -2.220446049250313e-16, 1.9999999999999996], "('0', '3', '0101')": [1.9999999999999996, 0, 0, 0], "('0', '3', '0110')": [1.9999999999999996, -0.7, 0, 0], "('0', '3', '0111')": [1.9993474166242386, 0, 0, 0], "('0', '3', '1000')": [-0.7, -2.220446049250313e-16, -2.220446049250893e-16, 1.9999999999999996], "('0', '3', '1001')": [-0.7, -0.8695174083729091, -0.010098447536127283, -0.7], "('0', '3', '1010')": [-0.7, -2.2204460491728908e-16, -0.7, 1.9999999999999996], "('0', '3', '1011')": [-0.7, -0.009149202403548495, 0, 0], "('0', '3', '1100')": [-0.7, -0.7, -2.2204460706678137e-16, 0.546060694999996], "('0', '3', '1101')": [-0.7, -0.7, -1.6646395037880293e-05, 0], "('0', '3', '1110')": [-0.7, -0.7, -0.7, 1.9999999999999996], "('0', '3', '1111')": [-0.7, 0, 0, 0], "('0', 'NA', '0000')": [1.9999999999999996, 0, 0, 0], "('0', 'NA', '0001')": [1.9999999999999996, -1.0, 0, -0.7], "('0', 'NA', '0010')": [1.9999999999999996, 0, -0.7, -2.220446049250313e-16], "('0', 'NA', '0011')": [1.9999999999999996, 0, 0, 0], "('0', 'NA', '0100')": [1.9999999999999996, -0.9999999956953279, -2.220446049250313e-16, -2.220446049250313e-16], "('0', 'NA', '0101')": [1.9999999999999996, 0, 0, 0], "('0', 'NA', '0110')": [1.9999999999999996, 0, 0, 0], "('0', 'NA', '0111')": [1.9999999812819125, 0, 0, 0], "('0', 'NA', '1000')": [-0.7, -1.0, -1.992756232027659e-08, -8.330625691192298e-06], "('0', 'NA', '1001')": [-0.9099999999999999, -0.9730000005794498, -0.973, -0.7], "('0', 'NA', '1010')": [-0.973, -1.3499961641126579, -0.9099999999999999, -0.999271], "('0', 'NA', '1011')": [0, 0, 0, 0], "('0', 'NA', '1100')": [0, 0, 0, 0], "('0', 'NA', '1101')": [-0.7, 0, 0, 0], "('0', 'NA', '1110')": [-0.7, -0.7, -0.7, -1.1608320140217194], "('0', 'NA', '1111')": [0, 0, 0, 0], "('1', '2', '0000')": [1.9999999999999987, 1.9999999999999996, 1.9999999999999996, 1.53846148673848], "('1', '2', '0001')": [-2.220446049250313e-16, 1.9999999999999996, 1.9999999999999996, -0.999980317], "('1', '2', '0010')": [-1.7147674422479666e-07, 1.9999999999999996, -0.9099999999999999, -2.220446049250313e-16], "('1', '2', '0011')": [-1.1327156546059313e-10, 1.9999999999999996, 0, 0], "('1', '2', '0100')": [-1.1622636186817348e-10, -0.999271, 1.9999999999999996, -2.220446049250313e-16], "('1', '2', '0101')": [-0.9099999999999999, -0.9099999999999999, 1.9999999997908082, 0], "('1', '2', '0110')": [-1.3785, -0.973, -0.9099999999999999, -1.155], "('1', '2', '0111')": [-0.7692311723712898, -0.9099999999999999, -0.7, -0.7], "('1', '2', '1000')": [-1.0, 1.9999999999999996, 1.9999999999999996, -2.220446049250313e-16], "('1', '2', '1001')": [-0.7, 1.9999999999999996, 0, 0], "('1', '2', '1010')": [-0.7, 1.9999999999999996, 0, 0], "('1', '2', '1011')": [-0.7, 1.9999999999684204, 0, 0], "('1', '2', '1100')": [-0.7, -0.7, 1.9999999999999996, -3.426966868495004e-16], "('1', '2', '1101')": [-0.7, -0.7, 1.9999999999999996, 0], "('1', '2', '1110')": [-0.7, -0.7, 0, 0], "('1', '2', '1111')": [0, 0, 0, 0], "('1', '3', '0000')": [-2.220446049250313e-16, 2.582803037955401e-09, -2.220446049250313e-16, 1.9999999999999996], "('1', '3', '0001')": [-2.2204460492685796e-16, 1.9999999999999996, -2.2206987559607267e-16, -0.9919], "('1', '3', '0010')": [-2.220446049250313e-16, 1.9999999999999996, -0.9999940950999999, 1.9998939934292428], "('1', '3', '0011')": [-0.973, 1.9999999999999996, 0, 0], "('1', '3', '0100')": [-2.220446049250313e-16, -0.9099999999999999, -2.220446049250313e-16, 1.9999999999999996], "('1', '3', '0101')": [-0.9099999999999999, -0.7, 0, 0], "('1', '3', '0110')": [-0.9099999999999999, -0.7, -0.7, 1.9999999999999996], "('1', '3', '0111')": [-0.002584672338109588, -0.7, -0.7, 0], "('1', '3', '1000')": [-1.0, 1.9999999999999996, -2.220446049250313e-16, 1.9999999999999996], "('1', '3', '1001')": [-0.7, 1.9999999999999996, 0, 0], "('1', '3', '1010')": [-0.7, 1.9999999999999996, -0.7, 0], "('1', '3', '1011')": [-0.7, 1.9999999999999996, 0, 0], "('1', '3', '1100')": [-0.7, -0.7, -2.220446049250313e-16, 1.9999999999999996], "('1', '3', '1101')": [-0.7, -0.7, -0.5474111291655593, -0.7], "('1', '3', '1110')": [-0.7, -0.7, -0.7, 0], "('1', '3', '1111')": [-0.7, -0.7, 0, 0], "('1', 'NA', '0000')": [0.5384615384615384, 0, 0, 1.9999999999999996], "('1', 'NA', '0001')": [-1.0, 1.9999999999999996, 0, 0], "('1', 'NA', '0010')": [-0.973, 1.9999999999999996, -0.9099999999999999, -2.220446049250313e-16], "('1', 'NA', '0011')": [-0.9919, 1.9999999999999996, 0, 0], "('1', 'NA', '0100')": [-0.9099999999999999, -0.7, -0.3406481153016191, -0.3519840503159317], "('1', 'NA', '0101')": [-0.9730000000763279, -0.7, 0, 0], "('1', 'NA', '0110')": [-0.9099999999999999, -0.7, -0.7, 0], "('1', 'NA', '0111')": [-0.973, 0, 0, 0], "('1', 'NA', '1000')": [-0.9975700000000001, 1.9999999999999996, -2.220446049250313e-16, -2.220446049250313e-16], "('1', 'NA', '1001')": [-0.7, 1.9999999999999785, 0, 0], "('1', 'NA', '1010')": [-0.7, 1.9999999999999996, 0, 0], "('1', 'NA', '1011')": [-0.7, 0, 0, 0], "('1', 'NA', '1100')": [-0.7, 0, 0, 0], "('1', 'NA', '1101')": [-0.7, -0.7, -0.6215392314947037, -0.7], "('1', 'NA', '1110')": [-0.7, -0.7, 0, 0], "('1', 'NA', '1111')": [0, 0, 0, 0], "('NA', '2', '0000')": [-3.1386645559999522e-12, -2.2204460492502566e-16, 1.9999999999999996, 0], "('NA', '2', '0001')": [-2.220446049250313e-16, -2.220446049250313e-16, 1.9999999999999996, -1.0], "('NA', '2', '0010')": [-2.220446049480217e-16, -0.002812640917494705, -0.9099999999999999, -0.9999999999999993], "('NA', '2', '0011')": [-1.4112807692307694, -1.2915, -0.7, 0], "('NA', '2', '0100')": [-2.220446049250313e-16, -0.999271, 1.9999999999999996, -1.0], "('NA', '2', '0101')": [-0.04790205000000018, -0.7, 1.9999999999999996, 0], "('NA', '2', '0110')": [-1.0, -0.7, 0, 0], "('NA', '2', '0111')": [-1.2915, -0.7, -0.7, 0], "('NA', '2', '1000')": [-0.9919, -2.220446049250313e-16, 1.9999999999999996, -1.0], "('NA', '2', '1001')": [-0.7, -2.220446049250313e-16, 1.9999999999999996, -0.7], "('NA', '2', '1010')": [-0.7, -2.1604940059205546e-16, -0.7, -0.9919000000004567], "('NA', '2', '1011')": [-0.7, -0.0011601953289224328, -0.7, -0.7], "('NA', '2', '1100')": [-0.7, 0, 1.9999999999999996, 0], "('NA', '2', '1101')": [-0.7, -0.7, 0, 0], "('NA', '2', '1110')": [0, 0, 0, 0], "('NA', '2', '1111')": [0, 0, 0, 0],